#TYPE;Selected.System.Management.ManagementObject;;
date;user;productname;
21.9.2017;14:38:06;NT AUTHORITY\SYSTEM;Aktualizace zabezpe?en? pro: Microsoft Office Access 2007 (KB2596614)
21.9.2017;14:37:53;NT AUTHORITY\SYSTEM;Aktualizace zabezpe?en? pro: Microsoft Office 2007 suites (KB2881067)
21.9.2017;14:37:25;NT AUTHORITY\SYSTEM;Aktualizace zabezpe?en? pro: Microsoft Office 2007 suites (KB2825645)
21.9.2017;14:36:27;NT AUTHORITY\SYSTEM;Aktualizace zabezpe?en? pro: Microsoft Office Visio Viewer 2007 (KB2596915)
21.9.2017;14:36:03;NT AUTHORITY\SYSTEM;Aktualizace zabezpe?en? pro: Microsoft Office 2007 suites (KB2596904)
21.9.2017;14:35:52;NT AUTHORITY\SYSTEM;Aktualizace pro: Microsoft Office 2007 suites (KB2596620)
21.9.2017;14:35:40;NT AUTHORITY\SYSTEM;Aktualizace zabezpe?en? pro: Microsoft Office 2007 suites (KB2596650)
21.9.2017;14:35:25;NT AUTHORITY\SYSTEM;Aktualizace zabezpe?en? pro: Microsoft Office Compatibility Pack Service Pack 3 (KB3203438)
21.9.2017;14:35:14;NT AUTHORITY\SYSTEM;Aktualizace zabezpe?en? pro: Microsoft Office 2007 suites (KB3085549)
21.9.2017;14:35:01;NT AUTHORITY\SYSTEM;Aktualizace zabezpe?en? pro: Microsoft Office 2007 suites (KB2984943)
21.9.2017;14:34:45;NT AUTHORITY\SYSTEM;Aktualizace zabezpe?en? pro: Microsoft Office Word 2007 (KB3203441)
21.9.2017;14:34:28;NT AUTHORITY\SYSTEM;Aktualizace zabezpe?en? pro: Microsoft Office 2007 suites (KB2956110)
21.9.2017;14:34:14;NT AUTHORITY\SYSTEM;Aktualizace zabezpe?en? pro: Microsoft Office Excel 2007 (KB4011062)
21.9.2017;14:33:56;NT AUTHORITY\SYSTEM;Aktualizace zabezpe?en? pro: Microsoft Office InfoPath 2007 (KB3114426)
21.9.2017;14:33:01;NT AUTHORITY\SYSTEM;Update for Microsoft Security Essentials - 4.10.209.0 (KB3205972)
21.9.2017;14:31:27;NT AUTHORITY\SYSTEM;Aktualizace pro: Microsoft Office 2007 suites (KB2965286)
21.9.2017;14:31:14;NT AUTHORITY\SYSTEM;Aktualizace zabezpe?en? pro: Microsoft Office 2007 suites (KB3213646)
21.9.2017;14:31:10;NT AUTHORITY\SYSTEM;Aktualizace zabezpe?en? pro: Microsoft Office 2007 suites (KB2984938)
21.9.2017;14:30:56;NT AUTHORITY\SYSTEM;Aktualizace zabezpe?en? pro: Microsoft Office 2007 suites (KB2880508)
21.9.2017;14:30:34;NT AUTHORITY\SYSTEM;Aktualizace zabezpe?en? pro: Microsoft Office 2007 suites (KB3213649)
21.9.2017;14:30:12;NT AUTHORITY\SYSTEM;Aktualizace zabezpe?en? pro: Microsoft Office 2007 suites (KB2986253)
21.9.2017;14:29:55;NT AUTHORITY\SYSTEM;Aktualizace zabezpe?en? pro: Microsoft Office 2007 suites (KB2850022)
21.9.2017;14:29:28;NT AUTHORITY\SYSTEM;Aktualizace zabezpe?en? pro: Microsoft Office PowerPoint 2007 (KB3213642)
21.9.2017;14:29:16;NT AUTHORITY\SYSTEM;Aktualizace zabezpe?en? pro: Microsoft Office PowerPoint 2007 (KB2596912)
21.9.2017;14:29:05;NT AUTHORITY\SYSTEM;Aktualizace zabezpe?en? pro: Microsoft Office 2007 suites (KB2596871)
21.9.2017;14:28:53;NT AUTHORITY\SYSTEM;Aktualizace zabezpe?en? pro: Microsoft Office 2007 suites (KB2596754)
21.9.2017;14:28:41;NT AUTHORITY\SYSTEM;Aktualizace zabezpe?en? pro: Microsoft Office 2007 suites (KB3213641)
21.9.2017;14:28:14;NT AUTHORITY\SYSTEM;Aktualizace zabezpe?en? pro: Microsoft Office 2007 suites (KB2880507)
21.9.2017;14:27:56;NT AUTHORITY\SYSTEM;Aktualizace zabezpe?en? pro: Microsoft Office Publisher 2007 (KB3114428)
21.9.2017;14:27:34;NT AUTHORITY\SYSTEM;Aktualizace pro: Microsoft Office 2007 suites (KB2596787)
21.9.2017;14:26:59;NT AUTHORITY\SYSTEM;Aktualizace zabezpe?en? pro: Microsoft Office 2007 suites (KB2597969)
21.9.2017;14:26:29;NT AUTHORITY\SYSTEM;Aktualizace zabezpe?en? pro: Microsoft Office 2007 suites (KB4011063)
21.9.2017;14:25:54;NT AUTHORITY\SYSTEM;Aktualizace zabezpe?en? pro: Microsoft Office 2007 suites (KB2596927)
21.9.2017;14:25:19;NT AUTHORITY\SYSTEM;Aktualizace zabezpe?en? pro: Microsoft Office Outlook 2007 (KB4011110)
21.9.2017;14:24:57;NT AUTHORITY\SYSTEM;Aktualizace zabezpe?en? pro: Microsoft Office Compatibility Pack Service Pack 3 (KB4011064)
21.9.2017;14:24:37;NT AUTHORITY\SYSTEM;Aktualizace zabezpe?en? pro: Microsoft Office 2007 suites (KB2596792)
21.9.2017;14:24:06;NT AUTHORITY\SYSTEM;Aktualizace zabezpe?en? pro: Microsoft Office 2007 suites (KB2596825)
21.9.2017;14:23:38;NT AUTHORITY\SYSTEM;Aktualizace pro: Microsoft Office Outlook 2007 (KB2687404)
21.9.2017;14:22:58;NT AUTHORITY\SYSTEM;Internet Explorer 11 pro Windows 7
21.9.2017;14:22:27;NT AUTHORITY\SYSTEM;Aktualizace zabezpe?en? syst?mu Windows 7 (KB3110329)
21.9.2017;14:22:10;NT AUTHORITY\SYSTEM;Aktualizace zabezpe?en? syst?mu Windows 7 (KB2912390)
21.9.2017;14:21:59;NT AUTHORITY\SYSTEM;Aktualizace zabezpe?en? syst?mu Windows 7 (KB3035126)
21.9.2017;14:21:38;NT AUTHORITY\SYSTEM;Aktualizace zabezpe?en? pro: Microsoft Office InfoPath 2007 (KB2687440)
21.9.2017;10:07:34;NT AUTHORITY\SYSTEM;Aktualizace Platform Update pro Windows 7 (KB2670838)
21.9.2017;10:07:34;NT AUTHORITY\SYSTEM;Sady Microsoft .NET Framework 4.7 Language Pack (KB3186499)
21.9.2017;10:07:34;NT AUTHORITY\SYSTEM;Aktualizace syst?mu Windows 7 (KB2574819)
21.9.2017;10:07:34;NT AUTHORITY\SYSTEM;Aktualizace syst?mu Windows 7 (KB3102429)
21.9.2017;10:07:34;NT AUTHORITY\SYSTEM;Aktualizace syst?mu Windows 7 (KB3080079)
21.9.2017;10:07:34;NT AUTHORITY\SYSTEM;Microsoft Silverlight (KB4023307)
21.9.2017;10:07:34;NT AUTHORITY\SYSTEM;2017-09, verze Preview m?s??n? kumulativn? aktualizace pro zv??en? kvality pro Windows 7 pro syst?my s?procesorem x86 (KB4038803
21.9.2017;10:07:34;NT AUTHORITY\SYSTEM;Aktualizace syst?mu Windows 7 (KB2830477)
21.9.2017;10:07:34;NT AUTHORITY\SYSTEM;Feature Pack - Microsoft Security Essentials - 4.9.218.0 (KB3140479)
21.9.2017;10:07:34;NT AUTHORITY\SYSTEM;Aktualizace syst?mu Windows 7 (KB2592687)
21.9.2017;10:07:33;NT AUTHORITY\SYSTEM;Feature Pack - Microsoft Security Essentials - 4.4.304.0 (KB2902907)
21.9.2017;10:07:33;NT AUTHORITY\SYSTEM;Internet Explorer 11 pro Windows 7
20.9.2017;13:05:57;NT AUTHORITY\SYSTEM;Aktualizace pro n?pov?du aplikace Microsoft Office PowerPoint 2007 (KB963669)
20.9.2017;13:05:50;NT AUTHORITY\SYSTEM;Security Update for CAPICOM (KB931906)
20.9.2017;13:05:41;NT AUTHORITY\SYSTEM;Aktualizace pro: Microsoft Office Outlook 2007 Junk Email Filter (KB3115461)
20.9.2017;13:05:14;NT AUTHORITY\SYSTEM;Aktualizace pro n?pov?du aplikace Microsoft Office Word 2007 (KB963665)
20.9.2017;13:05:05;NT AUTHORITY\SYSTEM;Aktualizace pro syst?m Microsoft Office 2007 (KB967642)
20.9.2017;13:03:54;NT AUTHORITY\SYSTEM;Aktualizace pro n?pov?du aplikace Microsoft Office Excel 2007 (KB963678)
20.9.2017;13:03:41;NT AUTHORITY\SYSTEM;Aktualizace Microsoft Office Suite 2007 Service Pack 3 (SP3)
20.9.2017;12:52:43;NT AUTHORITY\SYSTEM;Aktualizace pro: Microsoft Office Outlook 2007 Junk Email Filter (KB2825642)
20.9.2017;12:52:03;NT AUTHORITY\SYSTEM;Internet Explorer 11 pro Windows 7
20.9.2017;12:50:57;NT AUTHORITY\SYSTEM;Aktualizace pro: Microsoft Office 2007 suites (KB2767916)
20.9.2017;10:52:18;NT AUTHORITY\SYSTEM;Internet Explorer 11 pro Windows 7
19.9.2017;16:40:46;NT AUTHORITY\SYSTEM;2017-09 kumulativn? aktualizace zabezpe?en? a pro zv??en? kvality pro rozhran? .NET Framework 3.5.1, 4.5.2, 4.6, 4.6.1, 4.6.2 a 
19.9.2017;16:29:30;NT AUTHORITY\SYSTEM;Internet Explorer 11 pro Windows 7
19.9.2017;14:32:41;NT AUTHORITY\SYSTEM;Aktualizace syst?mu Windows 7 (KB2970228)
19.9.2017;14:15:59;NT AUTHORITY\SYSTEM;Aktualizace syst?mu Windows 7 (KB2647753)
19.9.2017;14:15:59;NT AUTHORITY\SYSTEM;Aktualizace syst?mu Windows 7 (KB3150513)
19.9.2017;14:15:59;NT AUTHORITY\SYSTEM;Aktualizace syst?mu Windows 7 (KB982018)
19.9.2017;14:15:59;NT AUTHORITY\SYSTEM;Aktualizace zabezpe?en? syst?mu Windows 7 (KB2532531)
19.9.2017;14:15:59;NT AUTHORITY\SYSTEM;Aktualizace syst?mu Windows 7 (KB2732487)
19.9.2017;13:55:52;NT AUTHORITY\SYSTEM;Rozhran? Microsoft .NET Framework 4.7 pro Windows 7 (KB3186497)
19.9.2017;13:45:39;NT AUTHORITY\SYSTEM;Internet Explorer 11 pro Windows 7
19.9.2017;13:05:33;NT AUTHORITY\SYSTEM;Definition Update for Windows Defender - KB915597 (Definition 1.251.1078.0)
18.9.2017;14:13:29;NT AUTHORITY\SYSTEM;Internet Explorer 11 pro Windows 7
18.9.2017;13:25:19;NT AUTHORITY\SYSTEM;Internet Explorer 11 pro Windows 7
18.9.2017;13:20:28;NT AUTHORITY\SYSTEM;Aktualizace zabezpe?en? syst?mu Windows 7 (KB3075220)
18.9.2017;13:20:28;NT AUTHORITY\SYSTEM;Aktualizace zabezpe?en? syst?mu Windows 7 (KB3031432)
18.9.2017;13:20:28;NT AUTHORITY\SYSTEM;Aktualizace zabezpe?en? syst?mu Windows 7 (KB3011780)
18.9.2017;13:20:28;NT AUTHORITY\SYSTEM;Aktualizace zabezpe?en? syst?mu Windows 7 (KB3004375)
18.9.2017;13:20:28;NT AUTHORITY\SYSTEM;Aktualizace zabezpe?en? syst?mu Windows 7 (KB2871997)
18.9.2017;13:20:28;NT AUTHORITY\SYSTEM;Aktualizace zabezpe?en? syst?mu Windows 7 (KB3042058)
18.9.2017;13:20:28;NT AUTHORITY\SYSTEM;Aktualizace zabezpe?en? syst?mu Windows 7 (KB3071756)
18.9.2017;13:20:28;NT AUTHORITY\SYSTEM;Aktualizace zabezpe?en? syst?mu Windows 7 (KB2992611)
18.9.2017;13:20:28;NT AUTHORITY\SYSTEM;Aktualizace syst?mu Windows 7 (KB3080149)
18.9.2017;13:20:28;NT AUTHORITY\SYSTEM;Aktualizace syst?mu Windows 7 (KB3068708)
18.9.2017;11:50:59;NT AUTHORITY\SYSTEM;Aktualizace zabezpe?en? syst?mu Windows 7 (KB3126587)
18.9.2017;11:50:27;NT AUTHORITY\SYSTEM;Aktualizace zabezpe?en? syst?mu Windows 7 (KB3061518)
18.9.2017;11:49:49;NT AUTHORITY\SYSTEM;Internet Explorer 11 pro Windows 7
18.9.2017;10:45:56;NT AUTHORITY\SYSTEM;Aktualizace zabezpe?en? syst?mu Windows 7 (KB3035132)
18.9.2017;10:45:56;NT AUTHORITY\SYSTEM;Aktualizace zabezpe?en? syst?mu Windows 7 (KB3161958)
18.9.2017;10:45:56;NT AUTHORITY\SYSTEM;Aktualizace zabezpe?en? syst?mu Windows 7 (KB2862335)
18.9.2017;10:45:56;NT AUTHORITY\SYSTEM;Aktualizace syst?mu Windows 7 (KB2888049)
18.9.2017;10:45:56;NT AUTHORITY\SYSTEM;Aktualizace syst?mu Windows 7 (KB3013531)
18.9.2017;10:45:56;NT AUTHORITY\SYSTEM;Aktualizace syst?mu Windows 7 (KB2719857)
18.9.2017;10:45:56;NT AUTHORITY\SYSTEM;Aktualizace syst?mu Windows 7 (KB2893519)
18.9.2017;10:45:56;NT AUTHORITY\SYSTEM;Aktualizace syst?mu Windows 7 (KB3170735)
18.9.2017;10:45:56;NT AUTHORITY\SYSTEM;2017-09, m?s??n? kumulativn? aktualizace zabezpe?en? pro zv??en? kvality pro Windows 7 pro syst?my s?procesorem x86 (KB4038777)
18.9.2017;10:45:56;NT AUTHORITY\SYSTEM;Aktualizace zabezpe?en? pro rozhran? Microsoft .NET Framework 3.5.1 v syst?mu Windows 7 SP1 x86 (KB2729452)
18.9.2017;10:45:56;NT AUTHORITY\SYSTEM;Aktualizace zabezpe?en? syst?mu Windows 7 (KB3139398)
18.9.2017;10:45:56;NT AUTHORITY\SYSTEM;Aktualizace zabezpe?en? syst?mu Windows 7 (KB2807986)
18.9.2017;10:45:56;NT AUTHORITY\SYSTEM;Aktualizace syst?mu Windows 7 (KB3021917)
18.9.2017;10:45:56;NT AUTHORITY\SYSTEM;Aktualizace zabezpe?en? syst?mu Windows 7 (KB3139914)
18.9.2017;10:45:56;NT AUTHORITY\SYSTEM;Aktualizace zabezpe?en? syst?mu Windows 7 (KB3108381)
18.9.2017;10:45:56;NT AUTHORITY\SYSTEM;Aktualizace zabezpe?en? syst?mu Windows 7 (KB2758857)
18.9.2017;10:45:56;NT AUTHORITY\SYSTEM;Aktualizace syst?mu Windows 7 (KB2563227)
18.9.2017;10:45:56;NT AUTHORITY\SYSTEM;Aktualizace zabezpe?en? pro rozhran? Microsoft .NET Framework 3.5.1 v syst?mu Windows 7 SP1 x86 (KB3097989)
18.9.2017;10:45:56;NT AUTHORITY\SYSTEM;Aktualizace zabezpe?en? syst?mu Windows 7 (KB2770660)
18.9.2017;10:45:56;NT AUTHORITY\SYSTEM;Aktualizace syst?mu Windows 7 (KB2506928)
18.9.2017;10:45:56;NT AUTHORITY\SYSTEM;Aktualizace syst?mu Windows 7 (KB2891804)
18.9.2017;10:45:56;NT AUTHORITY\SYSTEM;Aktualizace zabezpe?en? syst?mu Windows 7 (KB3046017)
18.9.2017;10:45:56;NT AUTHORITY\SYSTEM;Aktualizace zabezpe?en? syst?mu Windows 7 (KB2978742)
18.9.2017;10:45:56;NT AUTHORITY\SYSTEM;Aktualizace zabezpe?en? pro rozhran? Microsoft .NET Framework 3.5.1 v syst?mu Windows 7 SP1 x86 (KB2604115)
18.9.2017;10:45:56;NT AUTHORITY\SYSTEM;Aktualizace zabezpe?en? pro rozhran? Microsoft .NET Framework 3.5.1 v syst?mu Windows 7 SP1 x86 (KB2978120)
18.9.2017;10:45:56;NT AUTHORITY\SYSTEM;Aktualizace syst?mu Windows 7 (KB3147071)
18.9.2017;10:45:56;NT AUTHORITY\SYSTEM;Aktualizace zabezpe?en? syst?mu Windows 7 (KB3138910)
18.9.2017;10:45:56;NT AUTHORITY\SYSTEM;Aktualizace zabezpe?en? syst?mu Windows 7 (KB3115858)
18.9.2017;10:45:56;NT AUTHORITY\SYSTEM;Aktualizace syst?mu Windows 7 (KB3092627)
18.9.2017;10:45:56;NT AUTHORITY\SYSTEM;Aktualizace syst?mu Windows 7 (KB2799926)
18.9.2017;10:45:56;NT AUTHORITY\SYSTEM;Aktualizace syst?mu Windows 7 (KB3140245)
18.9.2017;10:45:56;NT AUTHORITY\SYSTEM;Aktualizace zabezpe?en? syst?mu Windows 7 (KB3155178)
18.9.2017;10:45:56;NT AUTHORITY\SYSTEM;Aktualizace zabezpe?en? syst?mu Windows 7 (KB3084135)
18.9.2017;10:45:56;NT AUTHORITY\SYSTEM;Aktualizace zabezpe?en? syst?mu Windows 7 (KB2509553)
18.9.2017;10:45:56;NT AUTHORITY\SYSTEM;Windows 7 Service Pack 1 (KB976932)
18.9.2017;10:45:56;NT AUTHORITY\SYSTEM;Aktualizace zabezpe?en? syst?mu Windows 7 (KB2620704)
18.9.2017;10:45:56;NT AUTHORITY\SYSTEM;Aktualizace syst?mu Windows 7 (KB2919469)
18.9.2017;10:45:56;NT AUTHORITY\SYSTEM;Aktualizace zabezpe?en? syst?mu Windows 7 (KB2884256)
18.9.2017;10:45:56;NT AUTHORITY\SYSTEM;Aktualizace zabezpe?en? syst?mu Windows 7 (KB2893294)
18.9.2017;10:45:56;NT AUTHORITY\SYSTEM;Aktualizace syst?mu Windows 7 (KB3138612)
18.9.2017;10:45:56;NT AUTHORITY\SYSTEM;Aktualizace syst?mu Windows 7 (KB2552343)
18.9.2017;10:45:56;NT AUTHORITY\SYSTEM;Aktualizace zabezpe?en? syst?mu Windows 7 (KB2991963)
18.9.2017;10:45:56;NT AUTHORITY\SYSTEM;Aktualizace zabezpe?en? syst?mu Windows 7 (KB2892074)
18.9.2017;10:45:56;NT AUTHORITY\SYSTEM;Aktualizace zabezpe?en? syst?mu Windows 7 (KB3067904)
18.9.2017;10:45:56;NT AUTHORITY\SYSTEM;Aktualizace syst?mu Windows 7 (KB3161102)
18.9.2017;10:45:56;NT AUTHORITY\SYSTEM;2017-09 kumulativn? aktualizace zabezpe?en? a pro zv??en? kvality pro rozhran? .NET Framework 3.5.1, 4.5.2, 4.6, 4.6.1, 4.6.2 a 
18.9.2017;10:45:56;NT AUTHORITY\SYSTEM;Aktualizace syst?mu Windows 7 (KB3107998)
18.9.2017;10:45:56;NT AUTHORITY\SYSTEM;Aktualizace zabezpe?en? syst?mu Windows 7 (KB3159398)
18.9.2017;10:45:56;NT AUTHORITY\SYSTEM;Aktualizace zabezpe?en? syst?mu Windows 7 (KB3086255)
18.9.2017;10:45:56;NT AUTHORITY\SYSTEM;Aktualizace syst?mu Windows 7 (KB2732059)
18.9.2017;10:45:56;NT AUTHORITY\SYSTEM;Aktualizace syst?mu Windows 7 (KB2545698)
18.9.2017;10:45:56;NT AUTHORITY\SYSTEM;Aktualizace syst?mu Windows 7 (KB3138378)
18.9.2017;10:45:56;NT AUTHORITY\SYSTEM;Aktualizace zabezpe?en? syst?mu Windows 7 (KB2579686)
18.9.2017;10:45:56;NT AUTHORITY\SYSTEM;Aktualizace syst?mu Windows 7 (KB2660075)
18.9.2017;10:45:56;NT AUTHORITY\SYSTEM;Aktualizace zabezpe?en? pro rozhran? Microsoft .NET Framework 3.5.1 v syst?mu Windows 7 SP1 x86 (KB2973112)
18.9.2017;10:45:56;NT AUTHORITY\SYSTEM;Aktualizace zabezpe?en? syst?mu Windows 7 (KB2685939)
18.9.2017;10:45:56;NT AUTHORITY\SYSTEM;Aktualizace syst?mu Windows 7 (KB3006137)
18.9.2017;10:45:56;NT AUTHORITY\SYSTEM;Aktualizace zabezpe?en? syst?mu Windows 7 (KB2532531)
18.9.2017;10:45:56;NT AUTHORITY\SYSTEM;Aktualizace syst?mu Windows 7 (KB2800095)
18.9.2017;10:45:56;NT AUTHORITY\SYSTEM;Aktualizace zabezpe?en? syst?mu Windows 7 (KB3092601)
18.9.2017;10:45:56;NT AUTHORITY\SYSTEM;Aktualizace syst?mu Windows 7 (KB2808679)
18.9.2017;10:45:56;NT AUTHORITY\SYSTEM;Aktualizace zabezpe?en? pro rozhran? Microsoft .NET Framework 3.5.1 v syst?mu Windows 7 SP1 (KB3122648)
18.9.2017;10:45:56;NT AUTHORITY\SYSTEM;Aktualizace zabezpe?en? syst?mu Windows 7 (KB2564958)
18.9.2017;10:45:56;NT AUTHORITY\SYSTEM;Aktualizace zabezpe?en? pro rozhran? Microsoft .NET Framework 3.5.1 v syst?mu Windows 7 SP1 x86 (KB2972100)
18.9.2017;10:45:56;NT AUTHORITY\SYSTEM;Aktualizace zabezpe?en? syst?mu Windows 7 (KB2977292)
18.9.2017;10:45:56;NT AUTHORITY\SYSTEM;Aktualizace syst?mu Windows 7 (KB2761217)
18.9.2017;10:45:56;NT AUTHORITY\SYSTEM;Aktualizace zabezpe?en? pro rozhran? Microsoft .NET Framework 3.5.1 v syst?mu Windows 7 SP1 x86 (KB2972211)
18.9.2017;10:45:56;NT AUTHORITY\SYSTEM;Aktualizace zabezpe?en? syst?mu Windows 7 (KB3101722)
18.9.2017;10:45:56;NT AUTHORITY\SYSTEM;Aktualizace syst?mu Windows 7 (KB2918077)
18.9.2017;10:45:56;NT AUTHORITY\SYSTEM;Aktualizace zabezpe?en? syst?mu Windows 7 (KB3093513)
18.9.2017;10:45:56;NT AUTHORITY\SYSTEM;Aktualizace zabezpe?en? syst?mu Windows 7 (KB3108371)
18.9.2017;10:45:56;NT AUTHORITY\SYSTEM;Aktualizace syst?mu Windows 7 (KB3054476)
18.9.2017;10:45:56;NT AUTHORITY\SYSTEM;Aktualizace zabezpe?en? syst?mu Windows 7 (KB3045685)
18.9.2017;10:45:56;NT AUTHORITY\SYSTEM;Aktualizace zabezpe?en? syst?mu Windows 7 (KB3150220)
18.9.2017;10:45:56;NT AUTHORITY\SYSTEM;Aktualizace syst?mu Windows 7 (KB2852386)
18.9.2017;10:45:56;NT AUTHORITY\SYSTEM;Aktualizace zabezpe?en? syst?mu Windows 7 (KB2813430)
18.9.2017;10:45:56;NT AUTHORITY\SYSTEM;Aktualizace syst?mu Windows 7 (KB3020370)
18.9.2017;10:45:56;NT AUTHORITY\SYSTEM;Aktualizace syst?mu Windows 7 (KB2729094)
18.9.2017;10:45:56;NT AUTHORITY\SYSTEM;Aktualizace syst?mu Windows 7 (KB3184143)
18.9.2017;10:45:56;NT AUTHORITY\SYSTEM;Aktualizace syst?mu Windows 7 (KB2908783)
18.9.2017;10:45:56;NT AUTHORITY\SYSTEM;Aktualizace syst?mu Windows 7 (KB2750841)
18.9.2017;10:45:56;NT AUTHORITY\SYSTEM;Aktualizace syst?mu Windows 7 (KB2820331)
18.9.2017;10:45:56;NT AUTHORITY\SYSTEM;Aktualizace syst?mu Windows 7 (KB2726535)
18.9.2017;10:45:56;NT AUTHORITY\SYSTEM;Aktualizace syst?mu Windows 7 (KB2547666)
18.9.2017;10:45:56;NT AUTHORITY\SYSTEM;Aktualizace syst?mu Windows 7 (KB3078667)
18.9.2017;10:45:56;NT AUTHORITY\SYSTEM;Aktualizace zabezpe?en? syst?mu Windows 7 (KB2698365)
18.9.2017;10:45:56;NT AUTHORITY\SYSTEM;Aktualizace zabezpe?en? syst?mu Windows 7 (KB2491683)
18.9.2017;10:45:56;NT AUTHORITY\SYSTEM;Aktualizace zabezpe?en? syst?mu Windows 7 (KB2973201)
18.9.2017;10:45:56;NT AUTHORITY\SYSTEM;Aktualizace zabezpe?en? syst?mu Windows 7 (KB3078601)
18.9.2017;10:45:56;NT AUTHORITY\SYSTEM;Aktualizace zabezpe?en? syst?mu Windows 7 (KB2705219)
18.9.2017;10:45:56;NT AUTHORITY\SYSTEM;Aktualizace syst?mu Windows 7 (KB3179573)
18.9.2017;10:45:56;NT AUTHORITY\SYSTEM;Aktualizace syst?mu Windows 7 (KB2966583)
18.9.2017;10:45:56;NT AUTHORITY\SYSTEM;Aktualizace zabezpe?en? pro rozhran? Microsoft .NET Framework 3.5.1 v syst?mu Windows 7 SP1 x86 (KB2911501)
18.9.2017;10:45:56;NT AUTHORITY\SYSTEM;Aktualizace syst?mu Windows 7 (KB2834140)
18.9.2017;10:45:56;NT AUTHORITY\SYSTEM;Aktualizace zabezpe?en? syst?mu Windows 7 (KB3046269)
18.9.2017;10:45:56;NT AUTHORITY\SYSTEM;Aktualizace syst?mu Windows 7 (KB3137061)
18.9.2017;10:45:56;NT AUTHORITY\SYSTEM;Aktualizace zabezpe?en? syst?mu Windows 7 (KB2479943)
18.9.2017;10:45:56;NT AUTHORITY\SYSTEM;Aktualizace zabezpe?en? syst?mu Windows 7 (KB2631813)
18.9.2017;10:45:56;NT AUTHORITY\SYSTEM;Aktualizace zabezpe?en? syst?mu Windows 7 (KB3055642)
18.9.2017;10:45:56;NT AUTHORITY\SYSTEM;Aktualizace zabezpe?en? pro rozhran? Microsoft .NET Framework 3.5.1 v syst?mu Windows 7 SP1 x86 (KB2840631)
18.9.2017;10:45:56;NT AUTHORITY\SYSTEM;Aktualizace pro architekturu ovlada?? v re?imu j?dra verze 1.11 pro syst?m Windows 7 (KB2685811)
18.9.2017;10:45:56;NT AUTHORITY\SYSTEM;Aktualizace syst?mu Windows 7 (KB2985461)
18.9.2017;10:45:56;NT AUTHORITY\SYSTEM;Aktualizace pro architekturu ovlada?? v u?ivatelsk?m re?imu verze 1.11 pro syst?m Windows 7 (KB2685813)
18.9.2017;10:45:56;NT AUTHORITY\SYSTEM;Aktualizace zabezpe?en? syst?mu Windows 7 (KB3109560)
18.9.2017;10:45:56;NT AUTHORITY\SYSTEM;Aktualizace zabezpe?en? pro rozhran? Microsoft .NET Framework 3.5.1 v syst?mu Windows 7 SP1 (KB3127220)
18.9.2017;10:45:56;NT AUTHORITY\SYSTEM;Aktualizace zabezpe?en? pro rozhran? Microsoft .NET Framework 3.5.1 v syst?mu Windows 7 SP1 x86 (KB2943357)
18.9.2017;10:45:56;NT AUTHORITY\SYSTEM;Aktualizace zabezpe?en? syst?mu Windows 7 (KB2653956)
18.9.2017;10:45:56;NT AUTHORITY\SYSTEM;Aktualizace zabezpe?en? pro rozhran? Microsoft .NET Framework 3.5.1 v syst?mu Windows 7 SP1 x86 (KB2742599)
18.9.2017;10:45:56;NT AUTHORITY\SYSTEM;Aktualizace zabezpe?en? pro rozhran? Microsoft .NET Framework 3.5.1 v syst?mu Windows 7 SP1 x86 (KB2968294)
18.9.2017;10:45:56;NT AUTHORITY\SYSTEM;Aktualizace syst?mu Windows 7 (KB2773072)
18.9.2017;10:45:56;NT AUTHORITY\SYSTEM;Aktualizace zabezpe?en? pro rozhran? Microsoft .NET Framework 3.5.1 v syst?mu Windows 7 SP1 x86 (KB2931356)
18.9.2017;10:45:56;NT AUTHORITY\SYSTEM;Aktualizace zabezpe?en? syst?mu Windows 7 (KB3010788)
18.9.2017;10:45:56;NT AUTHORITY\SYSTEM;Aktualizace zabezpe?en? syst?mu Windows 7 (KB3019978)
18.9.2017;10:45:56;NT AUTHORITY\SYSTEM;Aktualizace zabezpe?en? syst?mu Windows 7 (KB3021674)
18.9.2017;10:45:56;NT AUTHORITY\SYSTEM;Aktualizace zabezpe?en? syst?mu Windows 7 (KB2560656)
18.9.2017;10:45:56;NT AUTHORITY\SYSTEM;Aktualizace zabezpe?en? syst?mu Windows 7 (KB3109103)
18.9.2017;10:45:56;NT AUTHORITY\SYSTEM;Aktualizace zabezpe?en? syst?mu Windows 7 (KB2667402)
18.9.2017;10:45:56;NT AUTHORITY\SYSTEM;Aktualizace syst?mu Windows 7 (KB3172605)
18.9.2017;10:45:56;NT AUTHORITY\SYSTEM;Aktualizace zabezpe?en? syst?mu Windows 7 (KB2654428)
18.9.2017;10:45:56;NT AUTHORITY\SYSTEM;Aktualizace zabezpe?en? pro rozhran? Microsoft .NET Framework 3.5.1 v syst?mu Windows 7 SP1 x86 (KB2894844)
18.9.2017;10:45:56;NT AUTHORITY\SYSTEM;Aktualizace zabezpe?en? syst?mu Windows 7 (KB2690533)
18.9.2017;10:45:56;NT AUTHORITY\SYSTEM;Aktualizace zabezpe?en? syst?mu Windows 7 (KB2727528)
18.9.2017;10:45:56;NT AUTHORITY\SYSTEM;Aktualizace zabezpe?en? syst?mu Windows 7 (KB3030377)
18.9.2017;10:45:56;NT AUTHORITY\SYSTEM;Aktualizace syst?mu Windows 7 (KB2853952)
18.9.2017;10:45:56;NT AUTHORITY\SYSTEM;Aktualizace syst?mu Windows 7 (KB3006121)
18.9.2017;10:45:56;NT AUTHORITY\SYSTEM;Aktualizace zabezpe?en? syst?mu Windows 7 (KB2862152)
18.9.2017;10:45:56;NT AUTHORITY\SYSTEM;Aktualizace zabezpe?en? syst?mu Windows 7 (KB3108664)
18.9.2017;10:45:56;NT AUTHORITY\SYSTEM;Aktualizace syst?mu Windows 7 (KB3133977)
18.9.2017;10:45:56;NT AUTHORITY\SYSTEM;Kumulativn? aktualizace zabezpe?en? pro funkci ActiveX Killbits pro syst?m Windows 7 (KB2900986)
18.9.2017;10:45:56;NT AUTHORITY\SYSTEM;Aktualizace syst?mu Windows 7 (KB2640148)
18.9.2017;10:45:56;NT AUTHORITY\SYSTEM;Aktualizace zabezpe?en? pro rozhran? Microsoft .NET Framework 3.5.1 v syst?mu Windows 7 SP1 x86 (KB2861698)
18.9.2017;10:45:56;NT AUTHORITY\SYSTEM;Aktualizace zabezpe?en? syst?mu Windows 7 (KB2984972)
18.9.2017;10:45:56;NT AUTHORITY\SYSTEM;Aktualizace syst?mu Windows 7 (KB2786081)
18.9.2017;10:45:56;NT AUTHORITY\SYSTEM;Aktualizace syst?mu Windows 7 (KB2763523)
18.9.2017;10:45:56;NT AUTHORITY\SYSTEM;Aktualizace zabezpe?en? pro rozhran? Microsoft .NET Framework 3.5.1 v syst?mu Windows 7 SP1 x86 (KB3037574)
18.9.2017;10:45:56;NT AUTHORITY\SYSTEM;Aktualizace zabezpe?en? syst?mu Windows 7 (KB3060716)
18.9.2017;10:45:56;NT AUTHORITY\SYSTEM;Aktualizace zabezpe?en? syst?mu Windows 7 (KB2868038)
18.9.2017;10:45:56;NT AUTHORITY\SYSTEM;Aktualizace zabezpe?en? pro rozhran? Microsoft .NET Framework 3.5.1 v syst?mu Windows 7 SP1 x86 (KB2736422)
18.9.2017;10:45:56;NT AUTHORITY\SYSTEM;Aktualizace zabezpe?en? syst?mu Windows 7 (KB2506212)
18.9.2017;10:45:56;NT AUTHORITY\SYSTEM;Aktualizace zabezpe?en? syst?mu Windows 7 (KB3022777)
18.9.2017;10:45:56;NT AUTHORITY\SYSTEM;Aktualizace syst?mu Windows 7 (KB3181988)
18.9.2017;10:45:56;NT AUTHORITY\SYSTEM;Aktualizace zabezpe?en? pro rozhran? Microsoft .NET Framework 3.5.1 v syst?mu Windows 7 SP1 x86 (KB2937610)
18.9.2017;10:45:56;NT AUTHORITY\SYSTEM;Aktualizace zabezpe?en? syst?mu Windows 7 (KB2847927)
18.9.2017;10:45:56;NT AUTHORITY\SYSTEM;Aktualizace zabezpe?en? syst?mu Windows 7 (KB3067903)
18.9.2017;10:45:56;NT AUTHORITY\SYSTEM;Aktualizace syst?mu Windows 7 (KB2952664)
14.9.2017;17:35:51;NT AUTHORITY\SYSTEM;Aktualizace zabezpe?en? syst?mu Windows 7 (KB3075220)
14.9.2017;17:35:14;NT AUTHORITY\SYSTEM;Aktualizace zabezpe?en? syst?mu Windows 7 (KB3031432)
14.9.2017;17:30:38;NT AUTHORITY\SYSTEM;Aktualizace zabezpe?en? syst?mu Windows 7 (KB3011780)
14.9.2017;17:29:50;NT AUTHORITY\SYSTEM;Aktualizace zabezpe?en? syst?mu Windows 7 (KB3004375)
14.9.2017;17:28:30;NT AUTHORITY\SYSTEM;Aktualizace zabezpe?en? syst?mu Windows 7 (KB2871997)
14.9.2017;17:23:34;NT AUTHORITY\SYSTEM;Aktualizace zabezpe?en? syst?mu Windows 7 (KB3042058)
14.9.2017;17:22:47;NT AUTHORITY\SYSTEM;Aktualizace zabezpe?en? syst?mu Windows 7 (KB3071756)
14.9.2017;17:17:13;NT AUTHORITY\SYSTEM;Aktualizace zabezpe?en? syst?mu Windows 7 (KB2992611)
14.9.2017;17:15:47;NT AUTHORITY\SYSTEM;Aktualizace syst?mu Windows 7 (KB3080149)
14.9.2017;17:13:02;NT AUTHORITY\SYSTEM;Aktualizace syst?mu Windows 7 (KB3068708)
14.9.2017;17:12:28;NT AUTHORITY\SYSTEM;Aktualizace zabezpe?en? syst?mu Windows 7 (KB3126587)
14.9.2017;17:12:02;NT AUTHORITY\SYSTEM;Aktualizace zabezpe?en? syst?mu Windows 7 (KB3061518)
14.9.2017;17:07:12;NT AUTHORITY\SYSTEM;Aktualizace zabezpe?en? syst?mu Windows 7 (KB2585542)
14.9.2017;17:05:47;NT AUTHORITY\SYSTEM;N?stroj k odstran?n? ?kodliv?ho softwaru v syst?mu Windows ? z??? 2017 (KB890830)
14.9.2017;17:02:15;NT AUTHORITY\SYSTEM;Internet Explorer 11 pro Windows 7
14.9.2017;17:01:58;NT AUTHORITY\SYSTEM;Aktualizace zabezpe?en? syst?mu Windows 7 (KB3161949)
14.9.2017;17:01:56;NT AUTHORITY\SYSTEM;Aktualizace zabezpe?en? syst?mu Windows 7 (KB3110329)
14.9.2017;17:01:50;NT AUTHORITY\SYSTEM;Aktualizace zabezpe?en? syst?mu Windows 7 (KB2864202)
14.9.2017;17:01:47;NT AUTHORITY\SYSTEM;Aktualizace zabezpe?en? pro rozhran? Microsoft .NET Framework 3.5.1 v syst?mu Windows 7 SP1 x86 (KB3072305)
14.9.2017;17:01:41;NT AUTHORITY\SYSTEM;Aktualizace zabezpe?en? pro rozhran? Microsoft .NET Framework 3.5.1 v syst?mu Windows 7 SP1 x86 (KB3023215)
14.9.2017;17:01:24;NT AUTHORITY\SYSTEM;Aktualizace zabezpe?en? syst?mu Windows 7 (KB3076895)
14.9.2017;17:01:22;NT AUTHORITY\SYSTEM;Aktualizace zabezpe?en? syst?mu Windows 7 (KB2862330)
14.9.2017;17:01:20;NT AUTHORITY\SYSTEM;Aktualizace syst?mu Windows 7 (KB3037623)
14.9.2017;17:01:16;NT AUTHORITY\SYSTEM;Aktualizace zabezpe?en? syst?mu Windows 7 (KB2965788)
14.9.2017;17:01:15;NT AUTHORITY\SYSTEM;Aktualizace syst?mu Windows 7 (KB2843630)
14.9.2017;17:01:11;NT AUTHORITY\SYSTEM;Aktualizace zabezpe?en? syst?mu Windows 7 (KB2973351)
14.9.2017;17:01:07;NT AUTHORITY\SYSTEM;Aktualizace syst?mu Windows 7 (KB3063109)
14.9.2017;17:01:05;NT AUTHORITY\SYSTEM;Aktualizace zabezpe?en? syst?mu Windows 7 (KB3004361)
14.9.2017;17:01:03;NT AUTHORITY\SYSTEM;Aktualizace zabezpe?en? syst?mu Windows 7 (KB3059317)
14.9.2017;17:00:58;NT AUTHORITY\SYSTEM;Aktualizace zabezpe?en? syst?mu Windows 7 (KB3003743)
14.9.2017;16:06:26;NT AUTHORITY\SYSTEM;Aktualizace zabezpe?en? syst?mu Windows 7 (KB3161949)
14.9.2017;16:06:26;NT AUTHORITY\SYSTEM;Aktualizace rozhran? Microsoft .NET Framework 3.5.1 v syst?mu Windows 7 SP1 x86 (KB2836942)
14.9.2017;16:06:26;NT AUTHORITY\SYSTEM;Aktualizace zabezpe?en? syst?mu Windows 7 (KB3110329)
14.9.2017;16:06:26;NT AUTHORITY\SYSTEM;Aktualizace zabezpe?en? syst?mu Windows 7 (KB2864202)
14.9.2017;16:06:26;NT AUTHORITY\SYSTEM;Aktualizace zabezpe?en? pro rozhran? Microsoft .NET Framework 3.5.1 v syst?mu Windows 7 SP1 x86 (KB3072305)
14.9.2017;16:06:26;NT AUTHORITY\SYSTEM;Aktualizace zabezpe?en? syst?mu Windows 7 (KB3035126)
14.9.2017;16:06:26;NT AUTHORITY\SYSTEM;Aktualizace zabezpe?en? pro rozhran? Microsoft .NET Framework 3.5.1 v syst?mu Windows 7 SP1 x86 (KB3023215)
14.9.2017;16:06:26;NT AUTHORITY\SYSTEM;Aktualizace zabezpe?en? syst?mu Windows 7 (KB3076895)
14.9.2017;16:06:26;NT AUTHORITY\SYSTEM;Aktualizace zabezpe?en? syst?mu Windows 7 (KB2862330)
14.9.2017;16:06:26;NT AUTHORITY\SYSTEM;Aktualizace syst?mu Windows 7 (KB3037623)
14.9.2017;16:06:26;NT AUTHORITY\SYSTEM;Aktualizace zabezpe?en? syst?mu Windows 7 (KB2965788)
14.9.2017;16:06:26;NT AUTHORITY\SYSTEM;Aktualizace syst?mu Windows 7 (KB2843630)
14.9.2017;16:06:26;NT AUTHORITY\SYSTEM;Aktualizace zabezpe?en? syst?mu Windows 7 (KB2973351)
14.9.2017;16:06:26;NT AUTHORITY\SYSTEM;Aktualizace syst?mu Windows 7 (KB3063109)
14.9.2017;16:06:26;NT AUTHORITY\SYSTEM;Aktualizace zabezpe?en? syst?mu Windows 7 (KB3004361)
14.9.2017;16:06:26;NT AUTHORITY\SYSTEM;Aktualizace zabezpe?en? syst?mu Windows 7 (KB3059317)
14.9.2017;16:06:26;NT AUTHORITY\SYSTEM;Aktualizace zabezpe?en? syst?mu Windows 7 (KB3003743)
14.9.2017;16:06:26;NT AUTHORITY\SYSTEM;Aktualizace syst?mu Windows 7 (KB3177467)
14.9.2017;16:06:25;NT AUTHORITY\SYSTEM;Kumulativn? aktualizace zabezpe?en? pro funkci ActiveX Killbits pro syst?m Windows 7 (KB2900986)
14.9.2017;16:06:25;NT AUTHORITY\SYSTEM;Aktualizace syst?mu Windows 7 (KB2640148)
14.9.2017;16:06:25;NT AUTHORITY\SYSTEM;Aktualizace zabezpe?en? pro rozhran? Microsoft .NET Framework 3.5.1 v syst?mu Windows 7 SP1 x86 (KB2861698)
14.9.2017;16:06:25;NT AUTHORITY\SYSTEM;Aktualizace syst?mu Windows 7 (KB2786081)
14.9.2017;16:06:25;NT AUTHORITY\SYSTEM;Aktualizace syst?mu Windows 7 (KB2763523)
14.9.2017;16:06:25;NT AUTHORITY\SYSTEM;Aktualizace zabezpe?en? pro rozhran? Microsoft .NET Framework 3.5.1 v syst?mu Windows 7 SP1 x86 (KB3037574)
14.9.2017;16:06:25;NT AUTHORITY\SYSTEM;Aktualizace zabezpe?en? syst?mu Windows 7 (KB3060716)
14.9.2017;16:06:25;NT AUTHORITY\SYSTEM;Aktualizace zabezpe?en? syst?mu Windows 7 (KB2868038)
14.9.2017;16:06:25;NT AUTHORITY\SYSTEM;Aktualizace zabezpe?en? pro rozhran? Microsoft .NET Framework 3.5.1 v syst?mu Windows 7 SP1 x86 (KB2736422)
14.9.2017;16:06:25;NT AUTHORITY\SYSTEM;Aktualizace Platform Update pro Windows 7 (KB2670838)
14.9.2017;16:06:25;NT AUTHORITY\SYSTEM;Aktualizace zabezpe?en? syst?mu Windows 7 (KB2506212)
14.9.2017;16:06:25;NT AUTHORITY\SYSTEM;Aktualizace zabezpe?en? syst?mu Windows 7 (KB3022777)
14.9.2017;16:06:25;NT AUTHORITY\SYSTEM;Aktualizace zabezpe?en? pro rozhran? Microsoft .NET Framework 3.5.1 v syst?mu Windows 7 SP1 x86 (KB2937610)
14.9.2017;16:06:25;NT AUTHORITY\SYSTEM;Aktualizace zabezpe?en? syst?mu Windows 7 (KB2847927)
14.9.2017;16:06:25;NT AUTHORITY\SYSTEM;Aktualizace zabezpe?en? syst?mu Windows 7 (KB3067903)
13.9.2017;14:56:51;NT AUTHORITY\SYSTEM;Aktualizace zabezpe?en? syst?mu Windows 7 (KB3161958)
13.9.2017;14:56:51;NT AUTHORITY\SYSTEM;Aktualizace zabezpe?en? syst?mu Windows 7 (KB3035132)
13.9.2017;14:56:45;NT AUTHORITY\SYSTEM;Jazykov? sada pro ?v?d?tinu ? Windows 7 Service Pack 1 (KB2483139)
13.9.2017;14:56:45;NT AUTHORITY\SYSTEM;Aktualizace syst?mu Windows 7 (KB2888049)
13.9.2017;14:56:45;NT AUTHORITY\SYSTEM;Aktualizace zabezpe?en? syst?mu Windows 7 (KB2862335)
13.9.2017;14:56:45;NT AUTHORITY\SYSTEM;Jazykov? sada pro srb?tinu (latinka) ? Windows 7 Service Pack 1 (KB2483139)
13.9.2017;14:56:33;NT AUTHORITY\SYSTEM;Jazykov? sada pro slovin?tinu ? Windows 7 Service Pack 1 (KB2483139)
13.9.2017;14:56:33;NT AUTHORITY\SYSTEM;Jazykov? sada pro korej?tinu ? Windows 7 Service Pack 1 (KB2483139)
13.9.2017;14:56:21;NT AUTHORITY\SYSTEM;Aktualizace syst?mu Windows 7 (KB3013531)
13.9.2017;14:56:21;NT AUTHORITY\SYSTEM;Jazykov? sada pro eston?tinu ? Windows 7 Service Pack 1 (KB2483139)
13.9.2017;14:56:14;NT AUTHORITY\SYSTEM;Aktualizace syst?mu Windows 7 (KB2719857)
13.9.2017;14:56:14;NT AUTHORITY\SYSTEM;Jazykov? sada pro ukrajin?tinu ? Windows 7 Service Pack 1 (KB2483139)
13.9.2017;14:56:09;NT AUTHORITY\SYSTEM;Aktualizace syst?mu Windows 7 (KB3021917)
13.9.2017;14:56:09;NT AUTHORITY\SYSTEM;Aktualizace zabezpe?en? syst?mu Windows 7 (KB2807986)
13.9.2017;14:56:09;NT AUTHORITY\SYSTEM;Aktualizace zabezpe?en? pro rozhran? Microsoft .NET Framework 3.5.1 v syst?mu Windows 7 SP1 x86 (KB2789645)
13.9.2017;14:56:09;NT AUTHORITY\SYSTEM;Aktualizace zabezpe?en? syst?mu Windows 7 (KB3075220)
13.9.2017;14:56:09;NT AUTHORITY\SYSTEM;Aktualizace zabezpe?en? syst?mu Windows 7 (KB3139398)
13.9.2017;14:56:09;NT AUTHORITY\SYSTEM;Aktualizace zabezpe?en? pro rozhran? Microsoft .NET Framework 3.5.1 v syst?mu Windows 7 SP1 x86 (KB2729452)
13.9.2017;14:56:09;NT AUTHORITY\SYSTEM;2017-09, m?s??n? kumulativn? aktualizace zabezpe?en? pro zv??en? kvality pro Windows 7 pro syst?my s?procesorem x86 (KB4038777)
13.9.2017;14:56:09;NT AUTHORITY\SYSTEM;Aktualizace syst?mu Windows 7 (KB3170735)
13.9.2017;14:56:09;NT AUTHORITY\SYSTEM;Aktualizace syst?mu Windows 7 (KB2893519)
13.9.2017;14:56:09;NT AUTHORITY\SYSTEM;Aktualizace syst?mu Windows 7 (KB2592687)
13.9.2017;14:56:08;NT AUTHORITY\SYSTEM;Aktualizace zabezpe?en? pro rozhran? Microsoft .NET Framework 3.5.1 v syst?mu Windows 7 SP1 x86 (KB2604115)
13.9.2017;14:56:08;NT AUTHORITY\SYSTEM;Aktualizace zabezpe?en? syst?mu Windows 7 (KB2510531)
13.9.2017;14:56:08;NT AUTHORITY\SYSTEM;Aktualizace zabezpe?en? syst?mu Windows 7 (KB2978742)
13.9.2017;14:56:08;NT AUTHORITY\SYSTEM;Aktualizace zabezpe?en? syst?mu Windows 7 (KB3046017)
13.9.2017;14:56:08;NT AUTHORITY\SYSTEM;Aktualizace syst?mu Windows 7 (KB2891804)
13.9.2017;14:56:08;NT AUTHORITY\SYSTEM;Jazykov? sada pro chorvat?tinu ? Windows 7 Service Pack 1 (KB2483139)
13.9.2017;14:56:08;NT AUTHORITY\SYSTEM;Aktualizace syst?mu Windows 7 (KB2506928)
13.9.2017;14:56:08;NT AUTHORITY\SYSTEM;Aktualizace zabezpe?en? syst?mu Windows 7 (KB2770660)
13.9.2017;14:56:08;NT AUTHORITY\SYSTEM;Aktualizace zabezpe?en? pro rozhran? Microsoft .NET Framework 3.5.1 v syst?mu Windows 7 SP1 x86 (KB3097989)
13.9.2017;14:56:08;NT AUTHORITY\SYSTEM;Aktualizace syst?mu Windows 7 (KB2563227)
13.9.2017;14:56:08;NT AUTHORITY\SYSTEM;Aktualizace zabezpe?en? syst?mu Windows 7 (KB2758857)
13.9.2017;14:56:08;NT AUTHORITY\SYSTEM;Aktualizace zabezpe?en? syst?mu Windows 7 (KB3156019)
13.9.2017;14:56:08;NT AUTHORITY\SYSTEM;Aktualizace zabezpe?en? syst?mu Windows 7 (KB3108381)
13.9.2017;14:56:08;NT AUTHORITY\SYSTEM;Aktualizace zabezpe?en? syst?mu Windows 7 (KB3139914)
13.9.2017;14:56:08;NT AUTHORITY\SYSTEM;Aktualizace zabezpe?en? syst?mu Windows 7 (KB3156016)
13.9.2017;14:56:08;NT AUTHORITY\SYSTEM;Aktualizace zabezpe?en? syst?mu Windows 7 (KB3031432)
13.9.2017;14:56:03;NT AUTHORITY\SYSTEM;Jazykov? sada pro sloven?tinu ? Windows 7 Service Pack 1 (KB2483139)
13.9.2017;14:56:03;NT AUTHORITY\SYSTEM;Jazykov? sada pro zjednodu?enou ??n?tinu ? Windows 7 Service Pack 1 (KB2483139)
13.9.2017;14:55:41;NT AUTHORITY\SYSTEM;Jazykov? sada pro ma?ar?tinu ? Windows 7 Service Pack 1 (KB2483139)
13.9.2017;14:55:41;NT AUTHORITY\SYSTEM;Aktualizace zabezpe?en? syst?mu Windows 7 (KB3138910)
13.9.2017;14:55:41;NT AUTHORITY\SYSTEM;Aktualizace syst?mu Windows 7 (KB3147071)
13.9.2017;14:55:41;NT AUTHORITY\SYSTEM;Aktualizace zabezpe?en? pro rozhran? Microsoft .NET Framework 3.5.1 v syst?mu Windows 7 SP1 x86 (KB2978120)
13.9.2017;14:55:41;NT AUTHORITY\SYSTEM;Jazykov? sada pro japon?tinu ? Windows 7 Service Pack 1 (KB2483139)
13.9.2017;14:55:17;NT AUTHORITY\SYSTEM;Windows 7 Service Pack 1 (KB976932)
13.9.2017;14:55:17;NT AUTHORITY\SYSTEM;Aktualizace zabezpe?en? syst?mu Windows 7 (KB2509553)
13.9.2017;14:55:17;NT AUTHORITY\SYSTEM;Aktualizace zabezpe?en? syst?mu Windows 7 (KB3011780)
13.9.2017;14:55:17;NT AUTHORITY\SYSTEM;Aktualizace rozhran? Microsoft .NET Framework 3.5.1 v syst?mu Windows 7 SP1 x86 (KB2836943)
13.9.2017;14:55:17;NT AUTHORITY\SYSTEM;Aktualizace zabezpe?en? syst?mu Windows 7 (KB3084135)
13.9.2017;14:55:17;NT AUTHORITY\SYSTEM;Aktualizace zabezpe?en? syst?mu Windows 7 (KB3155178)
13.9.2017;14:55:17;NT AUTHORITY\SYSTEM;Aktualizace syst?mu Windows 7 (KB3140245)
13.9.2017;14:55:17;NT AUTHORITY\SYSTEM;Aktualizace syst?mu Windows 7 (KB2799926)
13.9.2017;14:55:17;NT AUTHORITY\SYSTEM;Aktualizace syst?mu Windows 7 (KB3092627)
13.9.2017;14:55:17;NT AUTHORITY\SYSTEM;Aktualizace zabezpe?en? syst?mu Windows 7 (KB3115858)
13.9.2017;14:55:16;NT AUTHORITY\SYSTEM;Aktualizace zabezpe?en? syst?mu Windows 7 (KB3004375)
13.9.2017;14:55:16;NT AUTHORITY\SYSTEM;Aktualizace zabezpe?en? syst?mu Windows 7 (KB2620704)
13.9.2017;14:55:16;NT AUTHORITY\SYSTEM;Jazykov? sada pro fin?tinu ? Windows 7 Service Pack 1 (KB2483139)
13.9.2017;14:55:09;NT AUTHORITY\SYSTEM;2017-09 kumulativn? aktualizace zabezpe?en? a pro zv??en? kvality pro rozhran? .NET Framework 3.5.1, 4.5.2, 4.6, 4.6.1, 4.6.2 a 
13.9.2017;14:55:09;NT AUTHORITY\SYSTEM;Jazykov? sada pro hebrej?tinu ? Windows 7 Service Pack 1 (KB2483139)
13.9.2017;14:55:09;NT AUTHORITY\SYSTEM;Aktualizace syst?mu Windows 7 (KB3161102)
13.9.2017;14:55:09;NT AUTHORITY\SYSTEM;Aktualizace zabezpe?en? syst?mu Windows 7 (KB3067904)
13.9.2017;14:55:09;NT AUTHORITY\SYSTEM;Aktualizace zabezpe?en? syst?mu Windows 7 (KB2892074)
13.9.2017;14:55:09;NT AUTHORITY\SYSTEM;Aktualizace zabezpe?en? syst?mu Windows 7 (KB2991963)
13.9.2017;14:55:09;NT AUTHORITY\SYSTEM;Aktualizace zabezpe?en? syst?mu Windows 7 (KB2871997)
13.9.2017;14:55:09;NT AUTHORITY\SYSTEM;Aktualizace syst?mu Windows 7 (KB2552343)
13.9.2017;14:55:09;NT AUTHORITY\SYSTEM;Aktualizace syst?mu Windows 7 (KB3138612)
13.9.2017;14:55:09;NT AUTHORITY\SYSTEM;Aktualizace zabezpe?en? syst?mu Windows 7 (KB2893294)
13.9.2017;14:55:09;NT AUTHORITY\SYSTEM;Aktualizace zabezpe?en? syst?mu Windows 7 (KB2884256)
13.9.2017;14:55:09;NT AUTHORITY\SYSTEM;Aktualizace syst?mu Windows 7 (KB2919469)
13.9.2017;14:55:03;NT AUTHORITY\SYSTEM;Aktualizace syst?mu Windows 7 (KB2732059)
13.9.2017;14:55:03;NT AUTHORITY\SYSTEM;Aktualizace zabezpe?en? syst?mu Windows 7 (KB3086255)
13.9.2017;14:55:03;NT AUTHORITY\SYSTEM;Aktualizace zabezpe?en? syst?mu Windows 7 (KB3159398)
13.9.2017;14:55:03;NT AUTHORITY\SYSTEM;Aktualizace syst?mu Windows 7 (KB3107998)
13.9.2017;14:55:03;NT AUTHORITY\SYSTEM;Jazykov? sada pro holand?tinu ? Windows 7 Service Pack 1 (KB2483139)
13.9.2017;14:54:53;NT AUTHORITY\SYSTEM;Aktualizace syst?mu Windows 7 (KB2545698)
13.9.2017;14:54:53;NT AUTHORITY\SYSTEM;Aktualizace zabezpe?en? syst?mu Windows 7 (KB3071756)
13.9.2017;14:54:53;NT AUTHORITY\SYSTEM;Jazykov? sada pro nor?tinu ? Windows 7 Service Pack 1 (KB2483139)
13.9.2017;14:54:41;NT AUTHORITY\SYSTEM;Jazykov? sada pro loty?tinu ? Windows 7 Service Pack 1 (KB2483139)
13.9.2017;14:54:41;NT AUTHORITY\SYSTEM;Aktualizace zabezpe?en? syst?mu Windows 7 (KB2532531)
13.9.2017;14:54:41;NT AUTHORITY\SYSTEM;Aktualizace syst?mu Windows 7 (KB3006137)
13.9.2017;14:54:41;NT AUTHORITY\SYSTEM;Aktualizace pro seznam Kompatibiln? zobrazen? aplikace Internet Explorer 8 pro syst?m Windows 7 (KB2598845)
13.9.2017;14:54:41;NT AUTHORITY\SYSTEM;Aktualizace zabezpe?en? syst?mu Windows 7 (KB2685939)
13.9.2017;14:54:41;NT AUTHORITY\SYSTEM;Aktualizace zabezpe?en? pro rozhran? Microsoft .NET Framework 3.5.1 v syst?mu Windows 7 SP1 x86 (KB2973112)
13.9.2017;14:54:41;NT AUTHORITY\SYSTEM;Aktualizace syst?mu Windows 7 (KB2660075)
13.9.2017;14:54:41;NT AUTHORITY\SYSTEM;Aktualizace zabezpe?en? syst?mu Windows 7 (KB2579686)
13.9.2017;14:54:41;NT AUTHORITY\SYSTEM;Aktualizace syst?mu Windows 7 (KB3138378)
13.9.2017;14:54:41;NT AUTHORITY\SYSTEM;Aktualizace syst?mu Windows 7 (KB2830477)
13.9.2017;14:54:36;NT AUTHORITY\SYSTEM;Aktualizace zabezpe?en? pro rozhran? Microsoft .NET Framework 3.5.1 v syst?mu Windows 7 SP1 x86 (KB2972211)
13.9.2017;14:54:36;NT AUTHORITY\SYSTEM;Jazykov? sada pro ?e?tinu ? Windows 7 Service Pack 1 (KB2483139)
13.9.2017;14:54:36;NT AUTHORITY\SYSTEM;Aktualizace syst?mu Windows 7 (KB2761217)
13.9.2017;14:54:36;NT AUTHORITY\SYSTEM;Aktualizace zabezpe?en? syst?mu Windows 7 (KB2977292)
13.9.2017;14:54:36;NT AUTHORITY\SYSTEM;Aktualizace zabezpe?en? pro rozhran? Microsoft .NET Framework 3.5.1 v syst?mu Windows 7 SP1 x86 (KB2972100)
13.9.2017;14:54:36;NT AUTHORITY\SYSTEM;Aktualizace zabezpe?en? syst?mu Windows 7 (KB2564958)
13.9.2017;14:54:36;NT AUTHORITY\SYSTEM;Aktualizace zabezpe?en? pro rozhran? Microsoft .NET Framework 3.5.1 v syst?mu Windows 7 SP1 (KB3122648)
13.9.2017;14:54:36;NT AUTHORITY\SYSTEM;Aktualizace syst?mu Windows 7 (KB2808679)
13.9.2017;14:54:36;NT AUTHORITY\SYSTEM;Aktualizace zabezpe?en? syst?mu Windows 7 (KB3092601)
13.9.2017;14:54:36;NT AUTHORITY\SYSTEM;Aktualizace syst?mu Windows 7 (KB2800095)
13.9.2017;14:54:33;NT AUTHORITY\SYSTEM;Aktualizace zabezpe?en? syst?mu Windows 7 (KB3101722)
13.9.2017;14:54:33;NT AUTHORITY\SYSTEM;Jazykov? sada pro litev?tinu ? Windows 7 Service Pack 1 (KB2483139)
13.9.2017;14:54:29;NT AUTHORITY\SYSTEM;Aktualizace syst?mu Windows 7 (KB2918077)
13.9.2017;14:54:29;NT AUTHORITY\SYSTEM;Jazykov? sada pro ital?tinu ? Windows 7 Service Pack 1 (KB2483139)
13.9.2017;14:54:26;NT AUTHORITY\SYSTEM;Aktualizace syst?mu Windows 7 (KB2729094)
13.9.2017;14:54:26;NT AUTHORITY\SYSTEM;Aktualizace syst?mu Windows 7 (KB3020370)
13.9.2017;14:54:26;NT AUTHORITY\SYSTEM;Aktualizace zabezpe?en? syst?mu Windows 7 (KB2992611)
13.9.2017;14:54:26;NT AUTHORITY\SYSTEM;Aktualizace zabezpe?en? syst?mu Windows 7 (KB2813430)
13.9.2017;14:54:26;NT AUTHORITY\SYSTEM;Aktualizace syst?mu Windows 7 (KB2852386)
13.9.2017;14:54:26;NT AUTHORITY\SYSTEM;Aktualizace zabezpe?en? syst?mu Windows 7 (KB3150220)
13.9.2017;14:54:26;NT AUTHORITY\SYSTEM;Aktualizace zabezpe?en? syst?mu Windows 7 (KB3045685)
13.9.2017;14:54:26;NT AUTHORITY\SYSTEM;Aktualizace syst?mu Windows 7 (KB3054476)
13.9.2017;14:54:26;NT AUTHORITY\SYSTEM;Aktualizace zabezpe?en? syst?mu Windows 7 (KB3108371)
13.9.2017;14:54:26;NT AUTHORITY\SYSTEM;Aktualizace zabezpe?en? syst?mu Windows 7 (KB3093513)
13.9.2017;14:54:24;NT AUTHORITY\SYSTEM;Aktualizace zabezpe?en? syst?mu Windows 7 (KB2698365)
13.9.2017;14:54:24;NT AUTHORITY\SYSTEM;Aktualizace syst?mu Windows 7 (KB3078667)
13.9.2017;14:54:24;NT AUTHORITY\SYSTEM;Jazykov? sada pro arab?tinu ? Windows 7 Service Pack 1 (KB2483139)
13.9.2017;14:54:24;NT AUTHORITY\SYSTEM;Aktualizace syst?mu Windows 7 (KB2547666)
13.9.2017;14:54:24;NT AUTHORITY\SYSTEM;Aktualizace syst?mu Windows 7 (KB2726535)
13.9.2017;14:54:24;NT AUTHORITY\SYSTEM;Aktualizace syst?mu Windows 7 (KB3080149)
13.9.2017;14:54:24;NT AUTHORITY\SYSTEM;Aktualizace syst?mu Windows 7 (KB2820331)
13.9.2017;14:54:24;NT AUTHORITY\SYSTEM;Aktualizace syst?mu Windows 7 (KB2750841)
13.9.2017;14:54:24;NT AUTHORITY\SYSTEM;Aktualizace syst?mu Windows 7 (KB2908783)
13.9.2017;14:54:24;NT AUTHORITY\SYSTEM;Aktualizace syst?mu Windows 7 (KB3184143)
13.9.2017;14:54:22;NT AUTHORITY\SYSTEM;Aktualizace syst?mu Windows 7 (KB2834140)
13.9.2017;14:54:22;NT AUTHORITY\SYSTEM;Aktualizace zabezpe?en? pro rozhran? Microsoft .NET Framework 3.5.1 v syst?mu Windows 7 SP1 x86 (KB2911501)
13.9.2017;14:54:22;NT AUTHORITY\SYSTEM;Aktualizace syst?mu Windows 7 (KB2966583)
13.9.2017;14:54:22;NT AUTHORITY\SYSTEM;Aktualizace syst?mu Windows 7 (KB3179573)
13.9.2017;14:54:22;NT AUTHORITY\SYSTEM;Aktualizace syst?mu Windows 7 (KB2703157)
13.9.2017;14:54:22;NT AUTHORITY\SYSTEM;Aktualizace zabezpe?en? syst?mu Windows 7 (KB2705219)
13.9.2017;14:54:22;NT AUTHORITY\SYSTEM;Jazykov? sada pro francouz?tinu ? Windows 7 Service Pack 1 (KB2483139)
13.9.2017;14:54:22;NT AUTHORITY\SYSTEM;Aktualizace zabezpe?en? syst?mu Windows 7 (KB3078601)
13.9.2017;14:54:22;NT AUTHORITY\SYSTEM;Aktualizace zabezpe?en? syst?mu Windows 7 (KB2973201)
13.9.2017;14:54:22;NT AUTHORITY\SYSTEM;Aktualizace zabezpe?en? syst?mu Windows 7 (KB2491683)
13.9.2017;14:54:18;NT AUTHORITY\SYSTEM;Aktualizace zabezpe?en? syst?mu Windows 7 (KB3126587)
13.9.2017;14:54:18;NT AUTHORITY\SYSTEM;Jazykov? sada pro ?pan?l?tinu ? Windows 7 Service Pack 1 (KB2483139)
13.9.2017;14:54:18;NT AUTHORITY\SYSTEM;Jazykov? sada pro d?n?tinu ? Windows 7 Service Pack 1 (KB2483139)
13.9.2017;14:54:18;NT AUTHORITY\SYSTEM;Aktualizace syst?mu Windows 7 (KB3137061)
13.9.2017;14:54:18;NT AUTHORITY\SYSTEM;Aktualizace syst?mu Windows 7 (KB3068708)
13.9.2017;14:54:18;NT AUTHORITY\SYSTEM;Aktualizace syst?mu Windows 7 (KB3080079)
13.9.2017;14:54:18;NT AUTHORITY\SYSTEM;Aktualizace zabezpe?en? syst?mu Windows 7 (KB3046269)
13.9.2017;14:54:18;NT AUTHORITY\SYSTEM;Jazykov? sada pro portugal?tinu (Portugalsko) ? Windows 7 Service Pack 1 (KB2483139)
13.9.2017;14:54:13;NT AUTHORITY\SYSTEM;Aktualizace pro architekturu ovlada?? v u?ivatelsk?m re?imu verze 1.11 pro syst?m Windows 7 (KB2685813)
13.9.2017;14:54:13;NT AUTHORITY\SYSTEM;Aktualizace syst?mu Windows 7 (KB2985461)
13.9.2017;14:54:13;NT AUTHORITY\SYSTEM;Aktualizace pro architekturu ovlada?? v re?imu j?dra verze 1.11 pro syst?m Windows 7 (KB2685811)
13.9.2017;14:54:13;NT AUTHORITY\SYSTEM;Aktualizace zabezpe?en? pro rozhran? Microsoft .NET Framework 3.5.1 v syst?mu Windows 7 SP1 x86 (KB2840631)
13.9.2017;14:54:13;NT AUTHORITY\SYSTEM;Kumulativn? aktualizace zabezpe?en? pro aplikaci Internet Explorer 8 pro syst?m Windows 7 (KB3124275)
13.9.2017;14:54:13;NT AUTHORITY\SYSTEM;Aktualizace zabezpe?en? syst?mu Windows 7 (KB3055642)
13.9.2017;14:54:13;NT AUTHORITY\SYSTEM;Aktualizace zabezpe?en? pro rozhran? Microsoft .NET Framework 3.5.1 v syst?mu Windows 7 SP1 x86 (KB2656356)
13.9.2017;14:54:13;NT AUTHORITY\SYSTEM;Aktualizace zabezpe?en? syst?mu Windows 7 (KB2631813)
13.9.2017;14:54:13;NT AUTHORITY\SYSTEM;Aktualizace zabezpe?en? syst?mu Windows 7 (KB2479943)
13.9.2017;14:54:13;NT AUTHORITY\SYSTEM;Aktualizace zabezpe?en? syst?mu Windows 7 (KB3061518)
13.9.2017;14:54:12;NT AUTHORITY\SYSTEM;Aktualizace zabezpe?en? pro rozhran? Microsoft .NET Framework 3.5.1 v syst?mu Windows 7 SP1 x86 (KB2742599)
13.9.2017;14:54:12;NT AUTHORITY\SYSTEM;Jazykov? sada pro pol?tinu ? Windows 7 Service Pack 1 (KB2483139)
13.9.2017;14:54:12;NT AUTHORITY\SYSTEM;Aktualizace zabezpe?en? syst?mu Windows 7 (KB2653956)
13.9.2017;14:54:12;NT AUTHORITY\SYSTEM;Aktualizace zabezpe?en? pro rozhran? Microsoft .NET Framework 3.5.1 v syst?mu Windows 7 SP1 x86 (KB2943357)
13.9.2017;14:54:12;NT AUTHORITY\SYSTEM;Aktualizace zabezpe?en? pro rozhran? Microsoft .NET Framework 3.5.1 v syst?mu Windows 7 SP1 (KB3127220)
13.9.2017;14:54:12;NT AUTHORITY\SYSTEM;Aktualizace zabezpe?en? syst?mu Windows 7 (KB3109560)
13.9.2017;14:54:12;NT AUTHORITY\SYSTEM;Jazykov? sada pro tradi?n? ??n?tinu ? Windows 7 Service Pack 1 (KB2483139)
13.9.2017;14:54:08;NT AUTHORITY\SYSTEM;Aktualizace zabezpe?en? syst?mu Windows 7 (KB2585542)
13.9.2017;14:54:08;NT AUTHORITY\SYSTEM;Aktualizace syst?mu Windows 7 (KB2574819)
13.9.2017;14:54:08;NT AUTHORITY\SYSTEM;Aktualizace zabezpe?en? syst?mu Windows 7 (KB3021674)
13.9.2017;14:54:08;NT AUTHORITY\SYSTEM;Aktualizace zabezpe?en? syst?mu Windows 7 (KB3019978)
13.9.2017;14:54:08;NT AUTHORITY\SYSTEM;Aktualizace syst?mu Windows 7 (KB3102429)
13.9.2017;14:54:08;NT AUTHORITY\SYSTEM;Aktualizace zabezpe?en? syst?mu Windows 7 (KB3010788)
13.9.2017;14:54:08;NT AUTHORITY\SYSTEM;Aktualizace zabezpe?en? pro rozhran? Microsoft .NET Framework 3.5.1 v syst?mu Windows 7 SP1 x86 (KB2931356)
13.9.2017;14:54:08;NT AUTHORITY\SYSTEM;Jazykov? sada pro ru?tinu ? Windows 7 Service Pack 1 (KB2483139)
13.9.2017;14:54:08;NT AUTHORITY\SYSTEM;Aktualizace syst?mu Windows 7 (KB2773072)
13.9.2017;14:54:08;NT AUTHORITY\SYSTEM;Aktualizace zabezpe?en? pro rozhran? Microsoft .NET Framework 3.5.1 v syst?mu Windows 7 SP1 x86 (KB2968294)
13.9.2017;14:54:06;NT AUTHORITY\SYSTEM;Jazykov? sada pro angli?tinu ? Windows 7 Service Pack 1 (KB2483139)
13.9.2017;14:54:06;NT AUTHORITY\SYSTEM;Aktualizace zabezpe?en? syst?mu Windows 7 (KB3030377)
13.9.2017;14:54:06;NT AUTHORITY\SYSTEM;Aktualizace zabezpe?en? syst?mu Windows 7 (KB2727528)
13.9.2017;14:54:06;NT AUTHORITY\SYSTEM;Aktualizace zabezpe?en? syst?mu Windows 7 (KB2690533)
13.9.2017;14:54:06;NT AUTHORITY\SYSTEM;Jazykov? sada pro portugal?tinu (Braz?lie) ? Windows 7 Service Pack 1 (KB2483139)
13.9.2017;14:54:06;NT AUTHORITY\SYSTEM;Aktualizace zabezpe?en? pro rozhran? Microsoft .NET Framework 3.5.1 v syst?mu Windows 7 SP1 x86 (KB2894844)
13.9.2017;14:54:06;NT AUTHORITY\SYSTEM;Aktualizace zabezpe?en? syst?mu Windows 7 (KB2654428)
13.9.2017;14:54:06;NT AUTHORITY\SYSTEM;Aktualizace zabezpe?en? syst?mu Windows 7 (KB2667402)
13.9.2017;14:54:06;NT AUTHORITY\SYSTEM;Aktualizace zabezpe?en? syst?mu Windows 7 (KB3109103)
13.9.2017;14:54:06;NT AUTHORITY\SYSTEM;Aktualizace zabezpe?en? syst?mu Windows 7 (KB2560656)
13.9.2017;14:54:03;NT AUTHORITY\SYSTEM;N?stroj k odstran?n? ?kodliv?ho softwaru v syst?mu Windows ? z??? 2017 (KB890830)
13.9.2017;14:54:03;NT AUTHORITY\SYSTEM;Jazykov? sada pro rumun?tinu ? Windows 7 Service Pack 1 (KB2483139)
13.9.2017;14:54:03;NT AUTHORITY\SYSTEM;Aktualizace syst?mu Windows 7 (KB2853952)
13.9.2017;14:53:53;NT AUTHORITY\SYSTEM;Aktualizace syst?mu Windows 7 (KB3133977)
13.9.2017;14:53:53;NT AUTHORITY\SYSTEM;Aktualizace zabezpe?en? syst?mu Windows 7 (KB3108664)
13.9.2017;14:53:53;NT AUTHORITY\SYSTEM;Aktualizace zabezpe?en? syst?mu Windows 7 (KB2862152)
13.9.2017;14:53:53;NT AUTHORITY\SYSTEM;Aktualizace syst?mu Windows 7 (KB3006121)
13.9.2017;14:53:53;NT AUTHORITY\SYSTEM;Jazykov? sada pro n?m?inu ? Windows 7 Service Pack 1 (KB2483139)
13.9.2017;14:52:49;NT AUTHORITY\SYSTEM;Rozhran? Microsoft .NET Framework 4.5.2 pro Windows 7 (KB2901983)
13.9.2017;14:52:08;NT AUTHORITY\SYSTEM;Jazykov? sada pro bulhar?tinu ? Windows 7 Service Pack 1 (KB2483139)
13.9.2017;14:45:05;NT AUTHORITY\SYSTEM;Jazykov? sada pro ture?tinu ? Windows 7 Service Pack 1 (KB2483139)
13.9.2017;14:38:39;NT AUTHORITY\SYSTEM;Aktualizace zabezpe?en? syst?mu Windows 7 (KB2984972)
13.9.2017;14:37:50;NT AUTHORITY\SYSTEM;Jazykov? sada pro thaj?tinu ? Windows 7 Service Pack 1 (KB2483139)
13.9.2017;14:32:22;NT AUTHORITY\SYSTEM;Rozhran? Microsoft .NET Framework 4.6.1 pro Windows 7 (KB3102433)
13.9.2017;14:23:45;NT AUTHORITY\SYSTEM;Internet Explorer 11 pro Windows 7
13.9.2017;14:11:53;NT AUTHORITY\SYSTEM;Aktualizace zabezpe?en? pro rozhran? Microsoft .NET Framework 3.5.1 v syst?mu Windows 7 SP1 x86 (KB3074543)
12.9.2017;14:54:44;NT AUTHORITY\SYSTEM;Aktualizace zabezpe?en? syst?mu Windows 7 (KB2621440)
12.9.2017;14:50:40;NT AUTHORITY\SYSTEM;Windows Update Aux
12.9.2017;14:36:56;NT AUTHORITY\SYSTEM;Definition Update for Windows Defender - KB915597 (Definition 1.251.771.0)
12.9.2017;14:18:29;NT AUTHORITY\SYSTEM;Windows Update ActiveX
12.9.2017;14:18:29;NT AUTHORITY\SYSTEM;Windows Update Core
